Name,Mean,Std,Max,Min
svm,0.5030794165316046,0.49695991115819566,1.0,0.0
SKLEARN-svm,0.5885737439222043,0.15148511744326668,0.752836304700162,0.2576985413290113
