Name,Mean,Std,Max,Min
svm,0.7690009112414995,0.021984646149146886,0.7985414767547858,0.71875
SKLEARN-svm,0.7674661497736883,0.005778508634526397,0.7798369162342476,0.7592047128129602
