Name,Mean,Std,Max,Min
svm,0.39353098879734083,0.38178480857795055,0.7751256281407035,0.0
SKLEARN-svm,0.6029683664319672,0.1008840896893783,0.6930249906751212,0.3571027512633352
