Name,Mean,Std,Max,Min
svm,0.7125128205128205,0.013173000498873684,0.7307692307692307,0.6902564102564103
SKLEARN-svm,0.7401538461538462,0.007874926296055766,0.7543589743589744,0.7282051282051282
