Name,Mean,Std,Max,Min
svm,0.7826580226904376,0.03506545814995679,0.8387358184764991,0.7098865478119936
SKLEARN-svm,0.5885737439222043,0.15148511744326668,0.752836304700162,0.2576985413290113
