Name,Mean,Std,Max,Min
svm,0.43724358974358973,0.28659940985481036,0.6328205128205128,0.0
SKLEARN-svm,0.6411200581274688,0.030011858860839107,0.6904564315352697,0.5813528336380256
