Name,Mean,Std,Max,Min
svm,0.5006153846153846,0.13221022050625145,0.6328205128205128,0.3671794871794872
SKLEARN-svm,0.5327179487179486,0.05181050792163653,0.6025641025641025,0.4128205128205128
