Name,Mean,Std,Max,Min
svm,0.7826580226904376,0.03506545814995679,0.8387358184764991,0.7098865478119936
SKLEARN-svm,0.8456239870340356,0.009403467311098668,0.8557536466774717,0.8257698541329012
