Name,Mean,Std,Max,Min
svm,0.7748412794480601,0.012007209385799723,0.7883720930232558,0.7516087516087516
SKLEARN-svm,0.8046289131715673,0.0062652888617628875,0.8145567169957414,0.793613707165109
