Name,Mean,Std,Max,Min
svm,0.7690009112414995,0.021984646149146886,0.7985414767547858,0.71875
SKLEARN-svm,0.6411200581274688,0.030011858860839107,0.6904564315352697,0.5813528336380256
